user_rating,user_review,ai_response,ai_summary,ai_recommended_action,id,timestamp
3,"The food was great but the service was slow.
",Thank you for your review! We're delighted to hear that you enjoyed our food so much. We sincerely apologize for the slow service you experienced and are actively working with our team to improve efficiency. We hope you'll visit us again soon for an even better experience!,"The reviewer gave 3 stars, highlighting that the food was great but the service was slow.",Optimize staffing levels to improve service speed.,1,2025-12-05T21:51:30.494333
5,"Absolutely loved the food! Everything was fresh, flavorful, and the staff was super friendly. Will definitely be coming back soon.","Thank you so much for your fantastic 5-star review! We're absolutely thrilled to hear you loved the fresh, flavorful food and enjoyed the friendly service. We can't wait to welcome you back again soon!","This 5-star review raves about the restaurant's fresh, flavorful food and super friendly staff, with the reviewer planning to return soon.",Introduce a loyalty program to further encourage and reward repeat visits.,2,2025-12-05T22:18:33.648808
5,"Perfect experience from start to finish. The ambience, service, and portion sizes were all excellent. Highly recommend to everyone.","Thank you for your wonderful 5-star review! We're absolutely thrilled to hear that our ambience, service, and portion sizes contributed to such a ""perfect experience"" for you. We can't wait to welcome you back again soon!","This 5-star review describes a perfect experience from start to finish, praising the excellent ambience, service, and portion sizes, and highly recommends it to everyone.",Implement a customer referral program.,3,2025-12-05T22:19:01.641018
4,"Great food and quick service. A little crowded during peak hours, but overall a very good experience.","Thank you for your fantastic review! We're thrilled you had a very good experience, enjoying our great food and quick service. We appreciate your feedback about peak hours and hope to welcome you back again soon!","This 4-star review highlights great food and quick service, noting that while it can be a little crowded during peak hours, the overall experience was very good.",Optimize the seating arrangement to improve comfort during peak hours.,4,2025-12-05T22:19:36.585826
4,Really enjoyed my meal here. Just wish the desserts had more variety. Otherwise excellent.,Thank you for your fantastic review! We're delighted to hear you thoroughly enjoyed your meal. We appreciate your feedback regarding dessert variety and are always exploring new options to enhance our menu. We hope to welcome you back again soon!,"The reviewer thoroughly enjoyed their meal and found the overall experience excellent, with their only minor complaint being the limited variety of desserts.",Expand the dessert menu to offer more variety.,5,2025-12-05T22:19:59.463356
3,"Decent place. Nothing extraordinary but nothing bad either. Average food, average service.","Thank you for sharing your feedback. We appreciate you taking the time to let us know you found your experience to be decent, with average food and service. We're always striving to go beyond 'average' and hope you'll visit us again for a more memorable experience.","This 3-star review describes the place as decent, with average food and service that was neither extraordinary nor bad. It suggests an unremarkable but satisfactory overall experience.","Develop a unique, signature dish or drink to give customers a memorable reason to visit.",6,2025-12-05T22:20:24.615068
3,The experience was okay. Food tasted fine but the waiting time was longer than expected.,"Thank you for sharing your feedback regarding your recent visit. We're glad to hear the food was fine, but we sincerely apologize for the longer-than-expected waiting time, which we understand made your experience only ""okay."" We are actively working to improve our service speed and hope you'll consider giving us another opportunity to impress you.","The reviewer had an okay experience with fine-tasting food, but noted that the waiting time was longer than expected.",Provide more accurate wait time estimates to customers.,7,2025-12-05T22:20:34.941481
2,The food was under-seasoned and the service felt slow. The place has potential but needs improvements.,"Thank you for your feedback. We're truly sorry to hear about the under-seasoned food and slow service you experienced, and we appreciate you noticing our potential. We are actively working to improve in these areas and hope you'll consider visiting us again to see our progress.","This 2-star review criticized the under-seasoned food and slow service. Despite these issues, the reviewer felt the establishment has potential for improvement.",Implement a final taste check for all dishes before they leave the kitchen to ensure proper seasoning.,8,2025-12-05T22:21:04.526222
2,Not very satisfied. Prices were high compared to the quality they delivered.,"Thank you for taking the time to share your feedback. We're truly sorry to hear you weren't satisfied and felt our prices didn't reflect the quality you expected. We are constantly evaluating our offerings to ensure excellent value, and your comments are invaluable as we strive to improve.","The reviewer was dissatisfied, finding the prices high relative to the quality of the product or service received.",Improve the quality of your product or service to align with your current pricing.,9,2025-12-05T22:21:21.514699
1,Terrible experience. The food arrived cold and the staff didnâ€™t seem interested in helping.,"Thank you for sharing your feedback. We are truly sorry to hear your food arrived cold and that our staff didn't seem helpful, as this is certainly not the experience we want for our guests. We're committed to improving and hope you might consider giving us another chance to make things right.",This 1-star review describes a terrible experience where the food arrived cold. The reviewer also noted that the staff seemed uninterested in helping resolve the issue.,Train staff on empathetic customer service and proactive problem resolution.,10,2025-12-05T22:21:52.147435
1,"Very disappointed. Long wait times, rude staff, and the food tasted stale. Would not recommend","Thank you for sharing your feedback; we are truly sorry to hear about your disappointing visit. We sincerely apologize for the long wait, rude staff, and for the food not meeting our standards. We would appreciate the opportunity to discuss this further and make things right if you'd be willing to contact us directly.","The reviewer gave this establishment 1 star, expressing strong disappointment with long wait times, rude staff, and stale food. They would not recommend it.",Implement strict quality control for food freshness.,11,2025-12-05T22:22:28.147072
5,"The Food was very nice, highly recommend this place.","Thank you so much for your wonderful review! We're thrilled to hear you found the food ""very nice"" and highly recommend us. We'd love to welcome you back again soon!","This 5-star review highly recommends the place, noting the food was very nice.",Encourage patrons to mention specific dishes or aspects of their visit in future reviews.,12,2025-12-05T22:38:04.304225
